archivo,texto,voz
audio/a0/a0listening-017.mp3,Can I borrow your pen?,
audio/a0/a0listening-018.mp3,She sings very well.,
audio/a0/a0listening-019.mp3,It is cold today.,
audio/a1/a1listening-036.mp3,"First we ate, then we slept.",
audio/a1/a1listening-037.mp3,Coffee is stronger than tea.,
audio/a1/a1listening-038.mp3,Everyone came except Maria.,
audio/b1/b1listening-025.mp3,Stress can affect your sleep.,
audio/b1/b1listening-026.mp3,I don't know whether it will rain.,
audio/b1/b1listening-027.mp3,She gave me a nice compliment.,
audio/c1/c1listening-025.mp3,We need further information before deciding.,
audio/c1/c1listening-026.mp3,The car remained stationary for hours.,
audio/c1/c1listening-027.mp3,The illicit trade was stopped by the police.,
audio/a0/a0speaking-017.mp3,Can you lend me your umbrella?,
audio/a0/a0speaking-018.mp3,He plays soccer well.,
audio/a0/a0speaking-019.mp3,I want to buy a book.,
audio/a1/a1speaking-022.mp3,"First I study, then I rest.",
audio/a1/a1speaking-023.mp3,This is better than that.,
audio/a1/a1speaking-024.mp3,I suggest you rest a little.,
audio/b1/b1speaking-021.mp3,The rain affected the game.,
audio/b1/b1speaking-022.mp3,Don't lose your keys again.,
audio/b1/b1speaking-023.mp3,These colors complement each other.,
audio/c1/c1speaking-021.mp3,Honesty is his main principle.,
audio/c1/c1speaking-022.mp3,We drove farther north than planned.,
audio/c1/c1speaking-023.mp3,The question elicited a strong reaction.,
audio/clases/farmacia-speaking.mp3,I have a headache. Do you have something for it?,
audio/clases/gimnasio-speaking.mp3,I'm new here. I'd like to sign up for a yoga class.,en-US-JennyNeural
audio/clases/numeros-simbolos-speaking.mp3,"My WhatsApp number is plus fifty-seven, three hundred twelve, five hundred sixty, twenty-four, eighteen.",en-US-JennyNeural
audio/clases/frases/airport-1.mp3,"Could I have your passport, please?",en-US-JennyNeural
audio/clases/frases/airport-2.mp3,I'd like to check this bag.,en-US-JennyNeural
audio/clases/frases/airport-3.mp3,What time does boarding start?,en-US-JennyNeural
audio/clases/frases/airport-4.mp3,Which gate is my flight?,en-US-JennyNeural
audio/clases/frases/airport-5.mp3,Is this flight on time?,en-US-JennyNeural
audio/clases/frases/hotel-1.mp3,I have a reservation under the name Martinez.,en-US-JennyNeural
audio/clases/frases/hotel-2.mp3,Could I get a room with a view?,en-US-JennyNeural
audio/clases/frases/hotel-3.mp3,What time is breakfast served?,en-US-JennyNeural
audio/clases/frases/hotel-4.mp3,Is there Wi-Fi in the room?,en-US-JennyNeural
audio/clases/frases/hotel-5.mp3,What time is check-out?,en-US-JennyNeural
audio/clases/frases/restaurant-1.mp3,"Could I see the menu, please?",en-US-JennyNeural
audio/clases/frases/restaurant-2.mp3,I'll have the grilled chicken.,en-US-JennyNeural
audio/clases/frases/restaurant-3.mp3,Is this dish spicy?,en-US-JennyNeural
audio/clases/frases/restaurant-4.mp3,"Could we get the check, please?",en-US-JennyNeural
audio/clases/frases/restaurant-5.mp3,Do you accept credit cards?,en-US-JennyNeural
audio/clases/frases/coffee-1.mp3,"Can I get a medium latte, please?",en-US-JennyNeural
audio/clases/frases/coffee-2.mp3,Could you make that with oat milk?,en-US-JennyNeural
audio/clases/frases/coffee-3.mp3,Can I have that to go?,en-US-JennyNeural
audio/clases/frases/coffee-4.mp3,Do you have Wi-Fi here?,en-US-JennyNeural
audio/clases/frases/coffee-5.mp3,How much do I owe you?,en-US-JennyNeural
audio/clases/frases/shopping-1.mp3,Do you have this in a medium?,en-US-JennyNeural
audio/clases/frases/shopping-2.mp3,Can I try this on?,en-US-JennyNeural
audio/clases/frases/shopping-3.mp3,Where are the fitting rooms?,en-US-JennyNeural
audio/clases/frases/shopping-4.mp3,Do you have this in another color?,en-US-JennyNeural
audio/clases/frases/shopping-5.mp3,How much does this cost?,en-US-JennyNeural
audio/clases/frases/meeting-someone-1.mp3,"Hi, I'm Alex. Nice to meet you.",en-US-JennyNeural
audio/clases/frases/meeting-someone-2.mp3,What do you do for a living?,en-US-JennyNeural
audio/clases/frases/meeting-someone-3.mp3,How do you know the host?,en-US-JennyNeural
audio/clases/frases/meeting-someone-4.mp3,Where are you from?,en-US-JennyNeural
audio/clases/frases/meeting-someone-5.mp3,It was great talking to you.,en-US-JennyNeural
audio/clases/frases/job-interview-1.mp3,I have three years of experience in customer service.,en-US-JennyNeural
audio/clases/frases/job-interview-2.mp3,My biggest strength is problem-solving.,en-US-JennyNeural
audio/clases/frases/job-interview-3.mp3,What are the next steps in the process?,en-US-JennyNeural
audio/clases/frases/job-interview-4.mp3,I'm a fast learner.,en-US-JennyNeural
audio/clases/frases/job-interview-5.mp3,Thank you for the opportunity.,en-US-JennyNeural
audio/clases/frases/phone-calls-1.mp3,"Hi, I'd like to make an appointment.",en-US-JennyNeural
audio/clases/frases/phone-calls-2.mp3,"Could you repeat that, please?",en-US-JennyNeural
audio/clases/frases/phone-calls-3.mp3,Can I call you back later?,en-US-JennyNeural
audio/clases/frases/phone-calls-4.mp3,"Sorry, I have the wrong number.",en-US-JennyNeural
audio/clases/frases/phone-calls-5.mp3,Thanks for your help. Bye!,en-US-JennyNeural
audio/clases/frases/meetings-1.mp3,Can everyone hear me okay?,en-US-JennyNeural
audio/clases/frases/meetings-2.mp3,I'd like to give a quick update.,en-US-JennyNeural
audio/clases/frases/meetings-3.mp3,Could you clarify that point?,en-US-JennyNeural
audio/clases/frases/meetings-4.mp3,I agree with that.,en-US-JennyNeural
audio/clases/frases/meetings-5.mp3,Let's follow up on this next week.,en-US-JennyNeural
audio/clases/frases/pharmacy-1.mp3,I have a headache.,en-US-JennyNeural
audio/clases/frases/pharmacy-2.mp3,Do you have something for it?,en-US-JennyNeural
audio/clases/frases/pharmacy-3.mp3,How often should I take it?,en-US-JennyNeural
audio/clases/frases/pharmacy-4.mp3,Take one every six hours.,en-US-JennyNeural
audio/clases/frases/pharmacy-5.mp3,Are there any side effects?,en-US-JennyNeural
audio/clases/frases/gym-1.mp3,I'd like to sign up for a class.,en-US-JennyNeural
audio/clases/frases/gym-2.mp3,What time does the yoga class start?,en-US-JennyNeural
audio/clases/frases/gym-3.mp3,Where are the lockers?,en-US-JennyNeural
audio/clases/frases/gym-4.mp3,Do I need to bring a towel?,en-US-JennyNeural
audio/clases/frases/gym-5.mp3,I'm new here.,en-US-JennyNeural
audio/clases/frases/numbers-symbols-1.mp3,My phone number is ...,en-US-JennyNeural
audio/clases/frases/numbers-symbols-2.mp3,The plus sign is +.,en-US-JennyNeural
audio/clases/frases/numbers-symbols-3.mp3,At is the symbol @ in an email address.,en-US-JennyNeural
audio/clases/frases/numbers-symbols-4.mp3,Dot is the symbol .,en-US-JennyNeural
audio/clases/frases/numbers-symbols-5.mp3,"Hyphen, or dash, is the symbol -.",en-US-JennyNeural
audio/clases/frases/numbers-symbols-6.mp3,Underscore is the symbol _.,en-US-JennyNeural
audio/clases/frases/numbers-symbols-7.mp3,Slash is the symbol /.,en-US-JennyNeural
audio/clases/frases/numbers-symbols-8.mp3,Hash is the symbol #.,en-US-JennyNeural
audio/toefl/tl-cr-1.mp3,Do you want to grab lunch before the meeting?,
audio/toefl/tl-cr-2.mp3,I heard the flight got delayed by two hours.,
audio/toefl/tl-cr-3.mp3,Could you send me the notes from today's lecture?,
audio/toefl/tl-cr-4.mp3,This printer has been out of order all week.,
audio/toefl/tl-cr-5.mp3,Would you mind switching seats with me?,
audio/toefl/tl-an-1.mp3,Attention passengers. The 3:15 train to Riverside has been delayed and will now depart from platform 6 instead of platform 4. We apologize for any inconvenience and appreciate your patience.,
audio/toefl/tl-an-2.mp3,"Good morning, everyone. Just a reminder that the annual staff picnic has been moved indoors due to the weather forecast. It will now take place in the main cafeteria starting at noon. Please bring your employee badge for entry.",
audio/toefl/tl-an-3.mp3,Attention shoppers. Our store will be closing in fifteen minutes. Please bring your final selections to the checkout area. We thank you for shopping with us today.,
audio/toefl/tl-an-4.mp3,This is a reminder that the library will be closed this Friday for a staff training day. All materials due on Friday can be returned the following Monday without penalty.,
audio/toefl/tl-at-1.mp3,"Today I want to talk about how plants respond to light, a process called phototropism. When light hits one side of a plant stem more than the other, a hormone called auxin accumulates on the shaded side. This causes the cells on that side to grow faster than the cells on the lit side, and as a result, the stem bends toward the light source.",
audio/toefl/tl-at-2.mp3,"Let's discuss supply and demand. When the supply of a product increases while demand stays the same, the price of that product typically falls. This happens because sellers have more of the product than buyers are willing to purchase at the original price, so sellers lower prices to attract more buyers.",
audio/toefl/tl-at-3.mp3,"One interesting feature of many ant species is division of labor. Rather than each ant performing every task, colonies divide work among different groups: some ants forage for food, others care for the young, and others defend the nest. This specialization allows the colony as a whole to function more efficiently than if every ant did a bit of everything.",
audio/toefl/tl-at-4.mp3,"Today's topic is memory consolidation during sleep. Research suggests that while we sleep, the brain replays and strengthens connections formed during the day, transferring information from short-term to long-term memory. This is one reason students who sleep well after studying tend to retain information better than those who stay up all night.",
audio/toefl/ts-lr-1.mp3,I need a glass of water.,
audio/toefl/ts-lr-2.mp3,Could you tell me where the nearest bank is?,
audio/toefl/ts-lr-3.mp3,I've been working on this project for almost three weeks.,
audio/toefl/ts-lr-4.mp3,"If I had known about the schedule change, I would have arrived earlier.",
audio/toefl/ts-lr-5.mp3,The committee is expected to announce its final decision by the end of the month.,
audio/toefl/ts-lr-6.mp3,"Despite the challenges we faced, the team managed to complete the report on time.",
audio/toefl/ts-iv-1.mp3,Tell me a little about yourself and what you do.,
audio/toefl/ts-iv-2.mp3,What do you like to do on the weekends?,
audio/toefl/ts-iv-3.mp3,Describe a place you would like to visit someday and explain why.,
audio/toefl/ts-iv-4.mp3,"What is one skill you would like to improve, and how would you go about it?",
audio/a0/a0listening-024.mp3,The wall is white.,
audio/a0/a0listening-025.mp3,He has a yellow shirt.,
audio/a0/a0listening-026.mp3,We have six windows.,
audio/a1/a1listening-043.mp3,I usually walk to the office.,
audio/a1/a1listening-044.mp3,She forgot her umbrella at home.,
audio/a1/a1listening-045.mp3,The meeting starts at nine in the morning.,
audio/b1/b1listening-032.mp3,"Although he was tired, he finished the report.",
audio/b1/b1listening-033.mp3,The company decided to postpone the launch until next month.,
audio/b1/b1listening-034.mp3,"If I had known about the traffic, I would have left earlier.",
audio/c1/c1listening-032.mp3,The negotiations were far more complex than anyone had anticipated.,
audio/c1/c1listening-033.mp3,"Despite the setbacks, the team remained remarkably resilient.",
audio/c1/c1listening-034.mp3,"She tends to downplay her achievements, even when they are significant.",
audio/a0/a0speaking-020.mp3,I have a green backpack.,
audio/a0/a0speaking-021.mp3,My brother is tall.,
audio/a0/a0speaking-022.mp3,We eat breakfast at seven.,
audio/a1/a1speaking-025.mp3,I need to buy groceries after work.,
audio/a1/a1speaking-026.mp3,"Can you turn off the lights, please?",
audio/a1/a1speaking-027.mp3,The bus was late this morning.,
audio/b1/b1speaking-024.mp3,I've been trying to improve my pronunciation lately.,
audio/b1/b1speaking-025.mp3,We should have booked the tickets earlier.,
audio/c1/c1speaking-024.mp3,The proposal was rejected due to budget constraints.,
audio/c1/c1speaking-025.mp3,He's known for being remarkably meticulous about details.,
audio/ielts/il-s1-1.mp3,"Good morning, I'd like to book a room for the weekend of the 14th. Two nights, please, for two guests.",
audio/ielts/il-s1-2.mp3,"My last name is spelled H-E-N-D-E-R-S-O-N, and my phone number is 555-0142.",
audio/ielts/il-s1-3.mp3,"The gym membership includes access to the pool, but classes like yoga and spinning cost an extra fifteen dollars per month.",
audio/ielts/il-s1-4.mp3,"You can pick up your parcel at the front desk any time before 8 PM. After that, it will be held until tomorrow morning.",
audio/ielts/il-s2-1.mp3,"Welcome to the community center. The swimming pool is on the ground floor, the gym is on the first floor, and the café is on the second floor, right next to the rooftop terrace.",
audio/ielts/il-s2-2.mp3,"The library is open from 9 AM to 9 PM on weekdays, but closes at 5 PM on Saturdays and remains closed all day Sunday.",
audio/ielts/il-s2-3.mp3,"Before we begin the tour, please note that photography is allowed in every room except the archive room, where flash photography could damage the historical documents.",
audio/ielts/il-s2-4.mp3,"The farmers' market runs every Saturday from 8 AM until 1 PM in the main square, rain or shine, though a few stalls may close early if they sell out.",
audio/ielts/il-s3-1.mp3,"— Have you decided on a topic for the group project yet?
— I was thinking about renewable energy, but Sarah suggested urban transportation instead.
— Actually, I think we should combine both, since they're related.
— That could work, as long as we narrow the focus so it's not too broad.",en-US-AvaMultilingualNeural|en-US-AndrewMultilingualNeural
audio/ielts/il-s3-2.mp3,"— I'm struggling to find enough sources for the essay.
— Have you tried the university database instead of just searching online?
— Not yet, actually. Is it hard to use?
— Not really, and the librarian offers a short workshop on it every Tuesday.",en-US-AvaMultilingualNeural|en-US-AndrewMultilingualNeural
audio/ielts/il-s3-3.mp3,"— I think our survey results are biased because we only asked students on campus.
— That's a fair point. Maybe we should also survey people online.
— Good idea, that would give us a more diverse sample.
— Let's send the online version out this week then.",en-US-AvaMultilingualNeural|en-US-AndrewMultilingualNeural
audio/ielts/il-s3-4.mp3,"— Did you get feedback on your draft from the professor?
— Yes, she said the introduction was strong but the conclusion needed more detail.
— That's useful. Mine was the opposite, apparently my conclusion was fine but the introduction was weak.
— Maybe we could swap drafts and help each other fix those sections.",en-US-AvaMultilingualNeural|en-US-AndrewMultilingualNeural
audio/ielts/il-s4-1.mp3,"Today I'll explain how bats use echolocation to navigate in complete darkness. Bats emit high-frequency sound waves that bounce off nearby objects and return as echoes. By analyzing the timing and direction of these echoes, a bat can build a detailed mental map of its surroundings, detecting obstacles and prey with remarkable precision.",
audio/ielts/il-s4-2.mp3,"The magnetic compass was one of the earliest navigational tools, originally developed in China over a thousand years ago. Early versions used a piece of naturally magnetized iron ore called lodestone, which sailors discovered would always align itself in a north-south direction when allowed to float freely.",
audio/ielts/il-s4-3.mp3,"Leaves change color in autumn because shorter days and cooler temperatures cause trees to stop producing chlorophyll, the pigment responsible for their green color. As chlorophyll breaks down, other pigments that were present all along, such as yellow and orange carotenoids, finally become visible.",
audio/ielts/il-s4-4.mp3,"Vaccines work by training the immune system to recognize a specific pathogen without causing the actual disease. They typically contain a weakened or inactive form of the pathogen, or a harmless piece of it, which prompts the body to produce antibodies. If the real pathogen is encountered later, the immune system can respond much faster.",
audio/ielts/is-p1-1.mp3,Do you work or are you a student?,
audio/ielts/is-p1-2.mp3,What do you usually do in the evenings?,
audio/ielts/is-p1-3.mp3,How often do you use social media?,
audio/ielts/is-p1-4.mp3,What's your favorite type of weather?,
audio/ielts/is-p1-5.mp3,Do you prefer reading books or watching movies?,
audio/ielts/is-p1-6.mp3,What kind of music do you like?,
audio/ielts/is-p3-1.mp3,Why do people need role models?,
audio/ielts/is-p3-2.mp3,Do you think teachers have less influence on young people today than in the past?,
audio/ielts/is-p3-3.mp3,Why do you think traveling has become so popular?,
audio/ielts/is-p3-4.mp3,What are the disadvantages of tourism for local communities?,
audio/ielts/is-p3-5.mp3,Why do some adults find it difficult to learn new skills?,
audio/ielts/is-p3-6.mp3,Do you think schools should teach more practical skills?,
audio/toefl/tl-cv-1.mp3,"— Hi, I was wondering if I could get an extension on the essay that's due tomorrow.
— I see. What's the reason for the request?
— I've been sick since Monday and I'm behind on the reading too.
— That's fine, just email me before midnight and I'll extend it to Friday.",en-US-AvaMultilingualNeural|en-US-AndrewMultilingualNeural
audio/toefl/tl-cv-2.mp3,"— Excuse me, is this the line for the campus shuttle to the library?
— Yes, but it's running about fifteen minutes late today because of traffic.
— Oh, should I just walk instead? I have a class in twenty minutes.
— If it's close, walking might actually be faster right now.",en-US-AvaMultilingualNeural|en-US-AndrewMultilingualNeural
audio/toefl/tl-cv-3.mp3,"— Did you finish the group project slides?
— Almost. I still need to add the data from chapter four.
— I can send you those numbers tonight if that helps.
— That would be great, thanks. Then I can finish everything by tomorrow morning.",en-US-AvaMultilingualNeural|en-US-AndrewMultilingualNeural
audio/articulos/desde-cero/frase-01.mp3,"Hello, how are you?",
audio/articulos/desde-cero/frase-02.mp3,My name is Ana.,
audio/articulos/desde-cero/frase-03.mp3,Nice to meet you.,
audio/articulos/desde-cero/frase-04.mp3,I don't understand.,
audio/articulos/desde-cero/frase-05.mp3,"Can you repeat that, please?",
audio/articulos/desde-cero/frase-06.mp3,How do you say this in English?,
audio/articulos/desde-cero/frase-07.mp3,I'm learning English.,
audio/articulos/desde-cero/frase-08.mp3,Thank you very much.,
audio/articulos/verbo-to-be/frase-01.mp3,I am from Mexico.,en-US-AvaMultilingualNeural
audio/articulos/verbo-to-be/frase-02.mp3,You are very kind.,en-US-AvaMultilingualNeural
audio/articulos/verbo-to-be/frase-03.mp3,He is my brother.,en-US-AvaMultilingualNeural
audio/articulos/verbo-to-be/frase-04.mp3,She is tired today.,en-US-AvaMultilingualNeural
audio/articulos/verbo-to-be/frase-05.mp3,We are ready.,en-US-AvaMultilingualNeural
audio/articulos/verbo-to-be/frase-06.mp3,They are at school.,en-US-AvaMultilingualNeural
audio/articulos/verbo-to-be/frase-07.mp3,Is she a nurse?,en-US-AvaMultilingualNeural
audio/articulos/verbo-to-be/frase-08.mp3,I'm not sure.,en-US-AvaMultilingualNeural
audio/articulos/presente-simple/frase-01.mp3,I work from home.,en-US-AvaMultilingualNeural
audio/articulos/presente-simple/frase-02.mp3,She works every day.,en-US-AvaMultilingualNeural
audio/articulos/presente-simple/frase-03.mp3,He doesn't like coffee.,en-US-AvaMultilingualNeural
audio/articulos/presente-simple/frase-04.mp3,Do you speak English?,en-US-AvaMultilingualNeural
audio/articulos/presente-simple/frase-05.mp3,They live in Colombia.,en-US-AvaMultilingualNeural
audio/articulos/presente-simple/frase-06.mp3,We usually eat breakfast at 7.,en-US-AvaMultilingualNeural
audio/articulos/presente-simple/frase-07.mp3,Does she work on Sundays?,en-US-AvaMultilingualNeural
audio/articulos/presente-simple/frase-08.mp3,The store opens at 9am.,en-US-AvaMultilingualNeural
audio/cambridge/cb-se-1.mp3,"— Hi, I'd like to change my reservation for tonight from a table for two to a table for four, if that's possible.
— Let me check... yes, we can do that, but it would have to be at 8:30 instead of 7:30, since we're fully booked at your original time.
— That works for us, thank you.
— Great, I've updated it. See you tonight.",en-US-AvaMultilingualNeural|en-US-AndrewMultilingualNeural
audio/cambridge/cb-se-2.mp3,"— The printer on the third floor is jammed again, and I have a report due in ten minutes.
— Try the one in the marketing office, it's usually free this early.
— Good idea, thanks. Do you know if it needs a code to use?
— No, just walk in, nobody will mind.",en-US-AvaMultilingualNeural|en-US-AndrewMultilingualNeural
audio/cambridge/cb-se-3.mp3,"— I'm thinking about canceling my gym membership, I barely go anymore.
— Before you do that, have you checked if they offer a pause option? A friend of mine froze hers for two months instead of canceling.
— Really? I didn't know that was possible. I'll ask at the front desk.
— It's usually cheaper than starting a new membership later too.",en-US-AvaMultilingualNeural|en-US-AndrewMultilingualNeural
audio/cambridge/cb-se-4.mp3,"— I'd like to return these shoes, they don't fit properly.
— No problem, do you have the receipt?
— I do, but it's been about three weeks since I bought them, is that still okay?
— Yes, our return policy is thirty days, so you're within the limit. Would you like a refund or store credit?",en-US-AvaMultilingualNeural|en-US-AndrewMultilingualNeural
audio/cambridge/cb-sc-1.mp3,"Good morning, listeners. Today will start off cloudy with a chance of light rain in the early morning, but conditions should clear up by early afternoon, with sunny skies expected for the rest of the day.",
audio/cambridge/cb-sc-2.mp3,"Welcome to the museum's audio guide. As you enter this room, you'll notice the collection is arranged chronologically, starting with pieces from the fourteenth century on your left and ending with contemporary work near the exit.",
audio/cambridge/cb-sc-3.mp3,"Attention passengers, flight 482 to Chicago is now ready for boarding. Passengers seated in rows twenty and above, please proceed to gate fourteen first, followed by the remaining rows shortly after.",
audio/cambridge/cb-sc-4.mp3,"Before we begin today's lecture, I want to remind everyone that the midterm essay is due next Friday, not this Friday as originally stated on the syllabus, due to the schedule change we discussed last week.",
audio/cambridge/cb-mm-1.mp3,"I got into photography almost by accident, actually. My sister left an old camera at my place after a visit, and I just started taking pictures of random things around the house out of boredom. Within a few months I was spending every weekend outdoors looking for interesting light and shadows.",
audio/cambridge/cb-mm-2.mp3,"We had planned every detail of the trip months in advance, but the moment we landed, our luggage was missing. Instead of panicking, we decided to just buy a few essentials and treat the first two days as an unplanned adventure, which ended up being the part of the trip we talk about the most.",
audio/cambridge/cb-mm-3.mp3,"After eight years at the same company, I finally decided it was time for something different. It wasn't an easy decision, since I had a stable salary and knew exactly what was expected of me every day, but I felt like I had stopped learning anything new.",
audio/cambridge/cb-mm-4.mp3,"I never thought of myself as a morning person, but a friend convinced me to try running before work instead of after. The first week was miserable, honestly, but now I can't imagine starting my day any other way.",
audio/cambridge/cb-li-1.mp3,"— So tell us, what made you finally decide to start your own business after working for other people for so long?
— Honestly, it was a mix of things. I'd been saving for years, and I kept noticing the same gap in the market that nobody seemed to be filling. At some point I realized that if I didn't try it then, I probably never would.
— And was the transition as difficult as people say it is?
— Much harder than I expected, actually. The hardest part wasn't the money, it was learning to make every single decision myself, without a team to fall back on.",en-US-AvaMultilingualNeural|en-US-AndrewMultilingualNeural
audio/cambridge/cb-li-2.mp3,"— Your new album sounds quite different from your earlier work. Was that intentional?
— Very much so. I wanted to move away from the sound people expected from me, even though I knew some longtime fans might not love that at first.
— Were you worried about how it would be received?
— A little, but at some point you have to make the music that feels honest to you rather than the music you think people want to hear, or you'll never grow as an artist.",en-US-AvaMultilingualNeural|en-US-AndrewMultilingualNeural
audio/cambridge/cb-li-3.mp3,"— Can you explain, in simple terms, what your research is actually trying to find out?
— Sure. We're studying how certain plants respond to short periods of drought, to understand which ones recover fastest once water becomes available again. The goal is to help farmers choose crops that are more resilient as weather patterns become less predictable.
— How long has this project been running?
— About four years now, though we expect to keep collecting data for at least another two before we can draw solid conclusions.",en-US-AvaMultilingualNeural|en-US-AndrewMultilingualNeural
audio/cambridge/cb-li-4.mp3,"— What does a typical training day look like for you before a big competition?
— It changes depending on how close we are to the event, but generally I train twice a day, with a long recovery session in between. Sleep is honestly just as important as the training itself.
— Do you ever take full rest days that close to a competition?
— Always, at least one a week, no matter what. Skipping rest to train more usually backfires, you end up more tired, not less.",en-US-AvaMultilingualNeural|en-US-AndrewMultilingualNeural
audio/cambridge/cb-p1-1.mp3,"Where are you from, and what do you like most about it?",
audio/cambridge/cb-p1-2.mp3,What do you usually do at the weekend?,
audio/cambridge/cb-p1-3.mp3,Do you prefer studying alone or with other people? Why?,
audio/cambridge/cb-p1-4.mp3,What kind of music do you enjoy listening to?,
audio/cambridge/cb-p4-1.mp3,Do you think individuals can do as much for the environment as companies can?,
audio/cambridge/cb-p4-2.mp3,"Should governments require companies to reduce pollution, or should it be voluntary?",
audio/cambridge/cb-p4-3.mp3,Do you think people read less now than in the past? Why or why not?,
audio/cambridge/cb-p4-4.mp3,Which do you think is more important for young people today: technical skills or soft skills like communication?,
audio/miembros100/l-principiante-m100-1.mp3,The spoon is next to the plate.,
audio/miembros100/l-principiante-m100-2.mp3,My bed is very soft.,
audio/miembros100/l-principiante-m100-3.mp3,The cup is empty.,
audio/miembros100/l-principiante-m100-4.mp3,I go to school every morning.,
audio/miembros100/l-principiante-m100-5.mp3,The bird is green today.,
audio/miembros100/l-facil-m100-1.mp3,Yesterday I went to the market.,
audio/miembros100/l-facil-m100-2.mp3,She started a new job this month.,
audio/miembros100/l-facil-m100-3.mp3,We meet every week on Fridays.,
audio/miembros100/l-facil-m100-4.mp3,His shirt is black and yellow.,
audio/miembros100/l-facil-m100-5.mp3,I saw a movie last night.,
audio/miembros100/l-medio-m100-1.mp3,"You like coffee, don't you?",
audio/miembros100/l-medio-m100-2.mp3,"By next year, she will have finished her degree.",
audio/miembros100/l-medio-m100-3.mp3,It was so loud that we couldn't hear each other.,
audio/miembros100/l-medio-m100-4.mp3,He is old enough to drive now.,
audio/miembros100/l-medio-m100-5.mp3,I fixed the computer myself.,
audio/miembros100/l-avanzado-m100-1.mp3,The proposal should be reviewed before Friday.,
audio/miembros100/l-avanzado-m100-2.mp3,Little did they know the flight would be delayed.,
audio/miembros100/l-avanzado-m100-3.mp3,It goes without saying that safety comes first.,
audio/miembros100/l-avanzado-m100-4.mp3,Not until the results arrived did she relax.,
audio/miembros100/l-avanzado-m100-5.mp3,"The project succeeded, albeit with some delays.",
audio/miembros100/s-principiante-m100-1.mp3,I have a green bike.,
audio/miembros100/s-principiante-m100-2.mp3,The spoon is on the table.,
audio/miembros100/s-principiante-m100-3.mp3,My bed is soft.,
audio/miembros100/s-principiante-m100-4.mp3,This is my cup.,
audio/miembros100/s-principiante-m100-5.mp3,I go to school every day.,
audio/miembros100/s-facil-m100-1.mp3,Yesterday I went to the park.,
audio/miembros100/s-facil-m100-2.mp3,She started a new job.,
audio/miembros100/s-facil-m100-3.mp3,This month is very busy.,
audio/miembros100/s-facil-m100-4.mp3,The shirt is black and yellow.,
audio/miembros100/s-facil-m100-5.mp3,We meet every week.,
audio/miembros100/s-medio-m100-1.mp3,"You like pizza, don't you?",
audio/miembros100/s-medio-m100-2.mp3,"By next year, I will have finished my degree.",
audio/miembros100/s-medio-m100-3.mp3,It was so loud that we couldn't talk.,
audio/miembros100/s-medio-m100-4.mp3,She is old enough to travel alone.,
audio/miembros100/s-medio-m100-5.mp3,I fixed it myself.,
audio/miembros100/s-avanzado-m100-1.mp3,The proposal should be reviewed by the board.,
audio/miembros100/s-avanzado-m100-2.mp3,Little did we know the meeting would be cancelled.,
audio/miembros100/s-avanzado-m100-3.mp3,It goes without saying that quality comes first.,
audio/miembros100/s-avanzado-m100-4.mp3,Not until the deadline passed did they respond.,
audio/miembros100/s-avanzado-m100-5.mp3,"The project succeeded, albeit with some setbacks.",
audio/clases/frases/immigration-1.mp3,What's the purpose of your visit?,en-US-AvaMultilingualNeural
audio/clases/frases/immigration-2.mp3,I'm here on vacation.,en-US-AvaMultilingualNeural
audio/clases/frases/immigration-3.mp3,I'll be staying for two weeks.,en-US-AvaMultilingualNeural
audio/clases/frases/immigration-4.mp3,I'm staying at a hotel downtown.,en-US-AvaMultilingualNeural
audio/clases/frases/immigration-5.mp3,"No, I don't have anything to declare.",en-US-AvaMultilingualNeural
audio/clases/migracion-listening.mp3,"— Good afternoon. What's the purpose of your trip?
— I'm here on vacation, visiting some friends.
— Okay. And how long will you be staying in the country?",en-US-AvaMultilingualNeural|en-US-AndrewMultilingualNeural
audio/clases/migracion-speaking.mp3,I'll be staying for two weeks.,en-US-AvaMultilingualNeural
audio/clases/frases/directions-1.mp3,"Excuse me, how do I get to the train station?",en-US-AvaMultilingualNeural
audio/clases/frases/directions-2.mp3,Is it far from here?,en-US-AvaMultilingualNeural
audio/clases/frases/directions-3.mp3,Go straight and turn left at the corner.,en-US-AvaMultilingualNeural
audio/clases/frases/directions-4.mp3,It's across from the pharmacy.,en-US-AvaMultilingualNeural
audio/clases/frases/directions-5.mp3,It's about two blocks away.,en-US-AvaMultilingualNeural
audio/clases/direcciones-listening.mp3,"— Excuse me, how do I get to the train station?
— Go straight for two blocks, then turn left. It's right across from the pharmacy.
— Great, thank you! Is it far from here?",en-US-AvaMultilingualNeural|en-US-AndrewMultilingualNeural
audio/clases/direcciones-speaking.mp3,"Thank you, I really appreciate it.",en-US-AvaMultilingualNeural
audio/clases/frases/taxi-uber-1.mp3,Are you my driver?,en-US-AvaMultilingualNeural
audio/clases/frases/taxi-uber-2.mp3,I'm heading to the airport.,en-US-AvaMultilingualNeural
audio/clases/frases/taxi-uber-3.mp3,Can you drop me off at the corner?,en-US-AvaMultilingualNeural
audio/clases/frases/taxi-uber-4.mp3,I'm right in front of the blue building.,en-US-AvaMultilingualNeural
audio/clases/frases/taxi-uber-5.mp3,Could you help me with my luggage?,en-US-AvaMultilingualNeural
audio/clases/taxi-listening.mp3,"— Hi! Are you John? I'm here for your ride.
— Yes, that's me! I'm heading to the airport.
— Great, hop in. It should take about twenty minutes.",en-US-AvaMultilingualNeural|en-US-AndrewMultilingualNeural
audio/clases/taxi-speaking.mp3,I'm right in front of the blue building.,en-US-AvaMultilingualNeural
audio/clases/frases/doctor-1.mp3,I haven't been feeling well.,en-US-AvaMultilingualNeural
audio/clases/frases/doctor-2.mp3,I have a sore throat and a fever.,en-US-AvaMultilingualNeural
audio/clases/frases/doctor-3.mp3,It started three days ago.,en-US-AvaMultilingualNeural
audio/clases/frases/doctor-4.mp3,"The pain is mild, not too bad.",en-US-AvaMultilingualNeural
audio/clases/frases/doctor-5.mp3,I'm not taking any medication right now.,en-US-AvaMultilingualNeural
audio/clases/medico-listening.mp3,"— What seems to be the problem today?
— I have a sore throat and a mild fever since yesterday.
— Okay, let's take a look. Are you taking any medication right now?",en-US-AvaMultilingualNeural|en-US-AndrewMultilingualNeural
audio/clases/medico-speaking.mp3,I have a sore throat and a fever.,en-US-AvaMultilingualNeural
audio/clases/frases/small-talk-1.mp3,"Nice weather today, isn't it?",en-US-AvaMultilingualNeural
audio/clases/frases/small-talk-2.mp3,Do you have any plans for the weekend?,en-US-AvaMultilingualNeural
audio/clases/frases/small-talk-3.mp3,That sounds like fun!,en-US-AvaMultilingualNeural
audio/clases/frases/small-talk-4.mp3,How's work been treating you lately?,en-US-AvaMultilingualNeural
audio/clases/frases/small-talk-5.mp3,"Yeah, tell me about it.",en-US-AvaMultilingualNeural
audio/clases/small-talk-listening.mp3,"— Hey! Nice weather today, isn't it?
— Yeah, finally! Do you have any plans for the weekend?
— Actually, I'm going hiking with some friends.",en-US-AvaMultilingualNeural|en-US-AndrewMultilingualNeural
audio/clases/small-talk-speaking.mp3,That sounds like fun!,en-US-AvaMultilingualNeural
audio/clases/frases/customer-service-1.mp3,I have a problem with my order.,en-US-AvaMultilingualNeural
audio/clases/frases/customer-service-2.mp3,It arrived damaged.,en-US-AvaMultilingualNeural
audio/clases/frases/customer-service-3.mp3,Could I get a refund or a replacement?,en-US-AvaMultilingualNeural
audio/clases/frases/customer-service-4.mp3,Can you confirm my order number?,en-US-AvaMultilingualNeural
audio/clases/frases/customer-service-5.mp3,How long will that take?,en-US-AvaMultilingualNeural
audio/clases/atencion-cliente-listening.mp3,"— Thank you for calling. How can I help you today?
— Hi, I have a problem with my order. It arrived damaged.
— I'm sorry to hear that. Can you confirm your order number?",en-US-AvaMultilingualNeural|en-US-AndrewMultilingualNeural
audio/clases/atencion-cliente-speaking.mp3,Could I get a refund or a replacement?,en-US-AvaMultilingualNeural
audio/clases/frases/emergency-1.mp3,"Call 911, please!",en-US-AvaMultilingualNeural
audio/clases/frases/emergency-2.mp3,Someone is hurt.,en-US-AvaMultilingualNeural
audio/clases/frases/emergency-3.mp3,We need an ambulance.,en-US-AvaMultilingualNeural
audio/clases/frases/emergency-4.mp3,He's not breathing well.,en-US-AvaMultilingualNeural
audio/clases/frases/emergency-5.mp3,"We're on Main Street, near the park.",en-US-AvaMultilingualNeural
audio/clases/emergencia-listening.mp3,"— 911, what's your emergency?
— Someone just fell and hurt their leg badly. We need an ambulance.
— Okay, stay calm. What's your exact location?",en-US-AvaMultilingualNeural|en-US-AndrewMultilingualNeural
audio/clases/emergencia-speaking.mp3,"We're on Main Street, near the park.",en-US-AvaMultilingualNeural
audio/clases/frases/public-transport-1.mp3,How much is a ticket?,en-US-AvaMultilingualNeural
audio/clases/frases/public-transport-2.mp3,Which line goes downtown?,en-US-AvaMultilingualNeural
audio/clases/frases/public-transport-3.mp3,Do I need to transfer?,en-US-AvaMultilingualNeural
audio/clases/frases/public-transport-4.mp3,Which stop should I get off at?,en-US-AvaMultilingualNeural
audio/clases/frases/public-transport-5.mp3,Is this seat taken?,en-US-AvaMultilingualNeural
audio/clases/transporte-listening.mp3,"— Can I help you?
— Yes, which line goes downtown?
— Take the blue line, and get off at the third stop.",en-US-AvaMultilingualNeural|en-US-AndrewMultilingualNeural
audio/clases/transporte-speaking.mp3,Which stop should I get off at?,en-US-AvaMultilingualNeural
audio/clases/frases/supermarket-1.mp3,"Excuse me, where can I find the milk?",en-US-AvaMultilingualNeural
audio/clases/frases/supermarket-2.mp3,Do you have this in a smaller size?,en-US-AvaMultilingualNeural
audio/clases/frases/supermarket-3.mp3,Is this on sale?,en-US-AvaMultilingualNeural
audio/clases/frases/supermarket-4.mp3,Paper or plastic bags?,en-US-AvaMultilingualNeural
audio/clases/frases/supermarket-5.mp3,Do you take credit cards?,en-US-AvaMultilingualNeural
audio/clases/supermercado-listening.mp3,"— Excuse me, where can I find the milk?
— It's in aisle five, next to the eggs.
— Great, thank you! Is it on sale this week?",en-US-AvaMultilingualNeural|en-US-AndrewMultilingualNeural
audio/clases/supermercado-speaking.mp3,Do you have this in a smaller size?,en-US-AvaMultilingualNeural
audio/clases/frases/return-product-1.mp3,"I'd like to return this, please.",en-US-AvaMultilingualNeural
audio/clases/frases/return-product-2.mp3,It doesn't fit right.,en-US-AvaMultilingualNeural
audio/clases/frases/return-product-3.mp3,Do you have this in a different size?,en-US-AvaMultilingualNeural
audio/clases/frases/return-product-4.mp3,I have the receipt.,en-US-AvaMultilingualNeural
audio/clases/frases/return-product-5.mp3,Can I get a refund instead?,en-US-AvaMultilingualNeural
audio/clases/devolucion-listening.mp3,"— Hi, I'd like to return this shirt, please.
— Sure, what's the problem with it?
— It doesn't fit right, it's too small.",en-US-AvaMultilingualNeural|en-US-AndrewMultilingualNeural
audio/clases/devolucion-speaking.mp3,Do you have this in a different size?,en-US-AvaMultilingualNeural
audio/clases/frases/work-emails-1.mp3,I hope this email finds you well.,en-US-AvaMultilingualNeural
audio/clases/frases/work-emails-2.mp3,I'm writing to follow up on...,en-US-AvaMultilingualNeural
audio/clases/frases/work-emails-3.mp3,Please let me know if you have any questions.,en-US-AvaMultilingualNeural
audio/clases/frases/work-emails-4.mp3,I'll get back to you by Friday.,en-US-AvaMultilingualNeural
audio/clases/frases/work-emails-5.mp3,Thank you for your patience.,en-US-AvaMultilingualNeural
audio/clases/emails-listening.mp3,"— Hi, I'm writing to follow up on the project status.
— Thanks for checking in, everything is on track.
— Great, when can I expect the final report?",en-US-AvaMultilingualNeural|en-US-AndrewMultilingualNeural
audio/clases/emails-speaking.mp3,Please let me know if you have any questions.,en-US-AvaMultilingualNeural
audio/clases/frases/presentation-1.mp3,Thank you all for being here today.,en-US-AvaMultilingualNeural
audio/clases/frases/presentation-2.mp3,Let's take a look at the numbers.,en-US-AvaMultilingualNeural
audio/clases/frases/presentation-3.mp3,As you can see on this slide...,en-US-AvaMultilingualNeural
audio/clases/frases/presentation-4.mp3,Does anyone have any questions?,en-US-AvaMultilingualNeural
audio/clases/frases/presentation-5.mp3,That's a great question.,en-US-AvaMultilingualNeural
audio/clases/presentacion-listening.mp3,"— Thank you all for being here. Let's look at the quarterly results.
— Can you go back to the previous slide?
— Sure, no problem. Here it is.",en-US-AvaMultilingualNeural|en-US-AndrewMultilingualNeural
audio/clases/presentacion-speaking.mp3,As you can see on this slide...,en-US-AvaMultilingualNeural
audio/clases/frases/client-meeting-1.mp3,Thanks for meeting with us today.,en-US-AvaMultilingualNeural
audio/clases/frases/client-meeting-2.mp3,What are you looking for exactly?,en-US-AvaMultilingualNeural
audio/clases/frases/client-meeting-3.mp3,We can definitely help with that.,en-US-AvaMultilingualNeural
audio/clases/frases/client-meeting-4.mp3,Let me walk you through our process.,en-US-AvaMultilingualNeural
audio/clases/frases/client-meeting-5.mp3,Do we have a deal?,en-US-AvaMultilingualNeural
audio/clases/cliente-listening.mp3,"— Thanks for meeting with us today. What are you looking for exactly?
— We need a faster way to manage our inventory.
— We can definitely help with that.",en-US-AvaMultilingualNeural|en-US-AndrewMultilingualNeural
audio/clases/cliente-speaking.mp3,Let me walk you through our process.,en-US-AvaMultilingualNeural
audio/clases/frases/work-problem-1.mp3,We ran into a problem.,en-US-AvaMultilingualNeural
audio/clases/frases/work-problem-2.mp3,It's going to take longer than expected.,en-US-AvaMultilingualNeural
audio/clases/frases/work-problem-3.mp3,I think we can fix it by tomorrow.,en-US-AvaMultilingualNeural
audio/clases/frases/work-problem-4.mp3,I wanted to let you know right away.,en-US-AvaMultilingualNeural
audio/clases/frases/work-problem-5.mp3,Here's what happened.,en-US-AvaMultilingualNeural
audio/clases/problema-listening.mp3,"— Hi, I wanted to let you know we ran into a problem.
— Okay, what happened?
— The server crashed, so the launch is delayed by a day.",en-US-AvaMultilingualNeural|en-US-AndrewMultilingualNeural
audio/clases/problema-speaking.mp3,It's going to take longer than expected.,en-US-AvaMultilingualNeural
audio/clases/frases/negotiate-deadline-1.mp3,Could I get a few extra days?,en-US-AvaMultilingualNeural
audio/clases/frases/negotiate-deadline-2.mp3,I want to make sure it's done right.,en-US-AvaMultilingualNeural
audio/clases/frases/negotiate-deadline-3.mp3,Would Friday work instead?,en-US-AvaMultilingualNeural
audio/clases/frases/negotiate-deadline-4.mp3,I appreciate your flexibility.,en-US-AvaMultilingualNeural
audio/clases/frases/negotiate-deadline-5.mp3,"I'm almost done, just need more time.",en-US-AvaMultilingualNeural
audio/clases/fecha-limite-listening.mp3,"— Could I get a few extra days on the report?
— That depends, why do you need more time?
— I want to make sure the numbers are completely accurate.",en-US-AvaMultilingualNeural|en-US-AndrewMultilingualNeural
audio/clases/fecha-limite-speaking.mp3,I appreciate your flexibility.,en-US-AvaMultilingualNeural
audio/cambridge-c1/c1-se-1.mp3,"— Honestly, I was skeptical about switching to the new system, but I have to admit the transition went far more smoothly than I expected.
— I felt the same way at first. I think the extra training sessions they added really made the difference this time.
— Fair point. Last time they just handed us a manual and hoped for the best.
— Exactly, and look how that turned out.",en-US-AvaMultilingualNeural|en-US-AndrewMultilingualNeural
audio/cambridge-c1/c1-se-2.mp3,"— I know the proposal looks impressive on paper, but something about the timeline still doesn't sit right with me.
— I had the same nagging feeling, actually. It's not that the numbers are wrong, it's more that they seem to assume nothing will ever go wrong.
— Right, there's zero contingency built in.
— Which, given our track record, feels almost naive.",en-US-AvaMultilingualNeural|en-US-AndrewMultilingualNeural
audio/cambridge-c1/c1-se-3.mp3,"— You seem to have really taken to the new role. I half expected you to be overwhelmed by now.
— To be fair, there were a couple of rough weeks early on where I genuinely doubted myself.
— You hid it well, then.
— Barely. What got me through it was realizing nobody expected perfection from day one, just steady progress.",en-US-AvaMultilingualNeural|en-US-AndrewMultilingualNeural
audio/cambridge-c1/c1-se-4.mp3,"— I'll admit, when they first announced the merger, I assumed it would be a disaster for company culture.
— And now?
— Now I'm cautiously optimistic. They've clearly gone out of their way to preserve what made each team distinct, rather than forcing everyone into one mould.
— That's rarer than it should be, in my experience.",en-US-AvaMultilingualNeural|en-US-AndrewMultilingualNeural
audio/cambridge-c1/c1-sc-1.mp3,"Welcome to today's segment on urban planning. One aspect that's often overlooked is what planners call the 'fifteen-minute city' concept, the idea that residents should be able to access most daily necessities, whether that's groceries, healthcare, or schools, within a short walk or bike ride from home, rather than relying on cars for every errand.",en-US-AvaMultilingualNeural
audio/cambridge-c1/c1-sc-2.mp3,"Now, turning to the history of this building, construction actually began in 1891, though it wasn't completed until nearly two decades later due to a combination of funding shortfalls and, rather unusually, a dispute over which architect had final authority over the design.",en-US-AvaMultilingualNeural
audio/cambridge-c1/c1-sc-3.mp3,"Before we move on to the practical exercise, I want to flag one common mistake: many beginners assume that a stronger espresso shot simply means using more coffee grounds, when in fact the more critical variable is grind consistency, since uneven particles extract at wildly different rates.",en-US-AvaMultilingualNeural
audio/cambridge-c1/c1-sc-4.mp3,"One finding from our latest survey stood out in particular: employees who took short, frequent breaks throughout the day reported significantly higher end-of-day energy levels than those who worked in long, uninterrupted blocks, even though total hours worked were nearly identical between the two groups.",en-US-AvaMultilingualNeural
audio/cambridge-c1/c1-mm-1.mp3,"When I first proposed working four days a week, I braced myself for pushback, but what actually surprised me was how quickly productivity metrics improved. It wasn't that people crammed five days of work into four out of desperation, they genuinely seemed to work more deliberately, knowing their time was more limited.",en-US-AvaMultilingualNeural
audio/cambridge-c1/c1-mm-2.mp3,"People often assume that being a translator is simply a matter of knowing two languages fluently, but the reality is far more demanding. You're constantly making judgment calls about tone, cultural nuance, and intention that a dictionary simply cannot resolve for you.",en-US-AvaMultilingualNeural
audio/cambridge-c1/c1-mm-3.mp3,"I used to think that taking a career break would set me back irreparably, that I'd return to find everyone else miles ahead. In hindsight, the perspective I gained during that year turned out to be more valuable professionally than another year of doing the same job would have been.",en-US-AvaMultilingualNeural
audio/cambridge-c1/c1-mm-4.mp3,"There's a persistent myth that creativity strikes suddenly, in a flash of inspiration. In my experience, and in most of the research I've read, it's almost always the product of unglamorous, repetitive effort, showing up and doing the work even when inspiration is nowhere to be found.",en-US-AvaMultilingualNeural
audio/cambridge-c1/c1-li-1.mp3,"— You've spent the last decade studying decision-making under uncertainty. What's the most counterintuitive thing you've learned?
— Probably that having more information doesn't necessarily lead to better decisions, and can sometimes make them worse. People often mistake volume of data for quality of insight, and end up more confident in flawed conclusions simply because they feel well-informed.
— That does sound like it goes against common sense.
— It does, and that's precisely why it's so persistent. We're wired to associate effort with reliability, even when the two have nothing to do with each other.",en-US-AvaMultilingualNeural|en-US-AndrewMultilingualNeural
audio/cambridge-c1/c1-li-2.mp3,"— Your latest exhibition moves away from the abstract style you're known for. What prompted that shift?
— Honestly, a kind of restlessness. I'd reached a point where I could predict my own next move before I'd even started a piece, and that predictability started to feel less like mastery and more like stagnation.
— Was it difficult to abandon a style that had brought you so much recognition?
— Terrifying, if I'm being completely honest. But staying somewhere comfortable purely because it's recognized felt like a slower kind of creative death.",en-US-AvaMultilingualNeural|en-US-AndrewMultilingualNeural
audio/cambridge-c1/c1-li-3.mp3,"— Your foundation focuses on rural healthcare access. What's the biggest obstacle you've encountered that people wouldn't expect?
— People assume it's purely a funding issue, and money certainly helps, but the harder problem is retention. We can build a clinic, but convincing qualified staff to stay somewhere remote long-term, rather than treating it as a stepping stone, is a much thornier challenge.
— Have you found anything that actually works?
— Partnering with local training programs, so the staff have roots in the community from the start, rather than being parachuted in from elsewhere.",en-US-AvaMultilingualNeural|en-US-AndrewMultilingualNeural
audio/cambridge-c1/c1-li-4.mp3,"— After three Olympic cycles, what's changed most about how you approach competition?
— Early on, I measured everything against winning. Now I measure it against whether I executed the process I'd trained for, regardless of outcome, because outcome depends on so many factors beyond my control anyway.
— Does that make losing easier to accept?
— Not easier exactly, but fairer to myself. I can be disappointed by a result without concluding that I failed, which used to be the same thing in my head.",en-US-AvaMultilingualNeural|en-US-AndrewMultilingualNeural
audio/cambridge-c1/c1-p1-1.mp3,How do you think the place where you grew up has shaped who you are today?,en-US-AvaMultilingualNeural
audio/cambridge-c1/c1-p1-2.mp3,What's something you've changed your mind about in the last few years?,en-US-AvaMultilingualNeural
audio/cambridge-c1/c1-p1-3.mp3,Do you think it's important to step outside your comfort zone regularly? Why or why not?,en-US-AvaMultilingualNeural
audio/cambridge-c1/c1-p1-4.mp3,"What kind of impact do you hope to have, professionally or personally, in the next ten years?",en-US-AvaMultilingualNeural
audio/cambridge-c1/c1-p4-1.mp3,"To what extent do you think governments, rather than private developers, should be responsible for providing affordable housing?",en-US-AvaMultilingualNeural
audio/cambridge-c1/c1-p4-2.mp3,Do you think rapid urban growth generally does more harm than good to a city's quality of life?,en-US-AvaMultilingualNeural
audio/cambridge-c1/c1-p4-3.mp3,Do you think universities today put too much pressure on students to succeed academically?,en-US-AvaMultilingualNeural
audio/cambridge-c1/c1-p4-4.mp3,"In your view, has remote and flexible work fundamentally changed people's relationship with their jobs?",en-US-AvaMultilingualNeural
audio/miembros200/l-principiante-m200-1.mp3,The teacher is in the classroom.,
audio/miembros200/l-principiante-m200-2.mp3,I wash my hands before eating.,
audio/miembros200/l-principiante-m200-3.mp3,My brother is taller than me.,
audio/miembros200/l-principiante-m200-4.mp3,We eat dinner at seven.,
audio/miembros200/l-principiante-m200-5.mp3,The baby is sleeping now.,
audio/miembros200/l-principiante-m200-6.mp3,"I need a jacket, it's cold outside.",
audio/miembros200/l-facil-m200-1.mp3,She has been working here since 2019.,
audio/miembros200/l-facil-m200-2.mp3,"If it snows tonight, school will be closed tomorrow.",
audio/miembros200/l-facil-m200-3.mp3,"He usually takes the bus, but today he is driving.",
audio/miembros200/l-facil-m200-4.mp3,I have lived in this city for ten years.,
audio/miembros200/l-facil-m200-5.mp3,The meeting was moved from Monday to Wednesday.,
audio/miembros200/l-medio-m200-1.mp3,"Although the project was difficult, the team finished it on time.",
audio/miembros200/l-medio-m200-2.mp3,The company has decided to expand into new markets next year.,
audio/miembros200/l-medio-m200-3.mp3,"She would have called you, but she lost her phone.",
audio/miembros200/l-avanzado-m200-1.mp3,"Despite the criticism, the policy remained largely unchanged.",
audio/miembros200/l-avanzado-m200-2.mp3,"Had the warning been taken seriously, the outcome might have been different.",
audio/miembros200/s-principiante-m200-1.mp3,I brush my teeth every morning.,
audio/miembros200/s-principiante-m200-2.mp3,The sun is very bright today.,
audio/miembros200/s-principiante-m200-3.mp3,My favorite color is blue.,
audio/miembros200/s-principiante-m200-4.mp3,We watch a movie on Fridays.,
audio/miembros200/s-principiante-m200-5.mp3,The kitchen is next to the living room.,
audio/miembros200/s-facil-m200-1.mp3,I have been learning English for two years.,
audio/miembros200/s-facil-m200-2.mp3,She is going to visit her parents next week.,
audio/miembros200/s-facil-m200-3.mp3,We should leave earlier to avoid traffic.,
audio/miembros200/s-facil-m200-4.mp3,He always forgets his keys at home.,
audio/miembros200/s-medio-m200-1.mp3,"If I had known about the meeting, I would have attended.",
audio/miembros200/s-medio-m200-2.mp3,The new policy will be reviewed at the end of the quarter.,
audio/miembros200/s-avanzado-m200-1.mp3,It was only after the deadline passed that we realized the mistake.,
audio/numeros/a0-numeros-1.mp3,I am fifteen years old.,
audio/numeros/a0-numeros-2.mp3,It's five dollars.,
audio/numeros/a0-numeros-3.mp3,My address is one two five Main Street.,
audio/numeros/a1-numeros-1.mp3,It's one hundred fifty dollars.,
audio/numeros/a1-numeros-2.mp3,"My phone number is nine eight four, five five five, two one zero zero.",
audio/numeros/a1-numeros-3.mp3,I was born in nineteen ninety-eight.,
audio/numeros/b1-numeros-1.mp3,The total is nineteen ninety-nine.,
audio/numeros/b1-numeros-2.mp3,"Please send it to four two five Oak Street, apartment four B.",
audio/numeros/b1-numeros-3.mp3,It's fifteen hundred dollars.,
audio/numeros/c1-numeros-1.mp3,My email is leo dot martinez at gmail dot com.,
audio/numeros/c1-numeros-2.mp3,"The confirmation code is A, B, one, two, three.",
audio/numeros/c1-numeros-3.mp3,It's one thousand three hundred dollars.,
audio/articulos/numeros-en-ingles/frase-01.mp3,thirteen,en-US-AvaMultilingualNeural
audio/articulos/numeros-en-ingles/frase-02.mp3,thirty,en-US-AvaMultilingualNeural
audio/articulos/numeros-en-ingles/frase-03.mp3,fourteen,en-US-AvaMultilingualNeural
audio/articulos/numeros-en-ingles/frase-04.mp3,forty,en-US-AvaMultilingualNeural
audio/articulos/numeros-en-ingles/frase-05.mp3,fifteen,en-US-AvaMultilingualNeural
audio/articulos/numeros-en-ingles/frase-06.mp3,fifty,en-US-AvaMultilingualNeural
audio/articulos/numeros-en-ingles/frase-07.mp3,eighteen,en-US-AvaMultilingualNeural
audio/articulos/numeros-en-ingles/frase-08.mp3,eighty,en-US-AvaMultilingualNeural
